{"version":6,"validation":{"int8":{"confusion_matrix":[[76,9],[90,115]],"classification_report":{"0":{"precision":0.4578313253012048,"recall":0.8941176470588236,"f1-score":0.6055776892430279,"support":85},"1":{"precision":0.9274193548387096,"recall":0.5609756097560976,"f1-score":0.6990881458966566,"support":205},"accuracy":0.6586206896551724,"macro avg":{"precision":0.6926253400699572,"recall":0.7275466284074605,"f1-score":0.6523329175698422,"support":290},"weighted avg":{"precision":0.7897814841121996,"recall":0.6586206896551724,"f1-score":0.6716799086016275,"support":290}},"roc_auc":0.7275466284074605,"loss":3.293472690377575,"support":290,"weighted_average":{"precision":0.7897814841121996,"recall":0.6586206896551724,"f1-score":0.6716799086016275},"class_names":["fall","not_fall"]},"float32":{"confusion_matrix":[[74,11],[22,183]],"classification_report":{"0":{"precision":0.7708333333333334,"recall":0.8705882352941177,"f1-score":0.8176795580110497,"support":85},"1":{"precision":0.9432989690721649,"recall":0.8926829268292683,"f1-score":0.9172932330827066,"support":205},"accuracy":0.8862068965517241,"macro avg":{"precision":0.8570661512027491,"recall":0.8816355810616929,"f1-score":0.8674863955468781,"support":290},"weighted avg":{"precision":0.8927486965280247,"recall":0.8862068965517241,"f1-score":0.8880961214237727,"support":290}},"roc_auc":0.8816355810616929,"loss":1.1443106612911782,"support":290,"weighted_average":{"precision":0.8927486965280247,"recall":0.8862068965517241,"f1-score":0.8880961214237727},"class_names":["fall","not_fall"]}}}