{"version":6,"validation":{"int8":{"confusion_matrix":[[61,3],[175,698]],"classification_report":{"0":{"precision":0.2584745762711864,"recall":0.953125,"f1-score":0.4066666666666667,"support":64},"1":{"precision":0.9957203994293866,"recall":0.7995418098510882,"f1-score":0.8869123252858959,"support":873},"accuracy":0.8100320170757738,"macro avg":{"precision":0.6270974878502865,"recall":0.8763334049255441,"f1-score":0.6467894959762813,"support":937},"weighted avg":{"precision":0.945364227943661,"recall":0.8100320170757738,"f1-score":0.8541100604495772,"support":937}},"roc_auc":0.8763334049255441,"loss":1.0939205847984668,"support":937,"weighted_average":{"precision":0.945364227943661,"recall":0.8100320170757738,"f1-score":0.8541100604495772},"class_names":["fall","not_fall"]},"float32":{"confusion_matrix":[[57,7],[12,861]],"classification_report":{"0":{"precision":0.8260869565217391,"recall":0.890625,"f1-score":0.8571428571428571,"support":64},"1":{"precision":0.9919354838709677,"recall":0.9862542955326461,"f1-score":0.9890867317633544,"support":873},"accuracy":0.9797225186766275,"macro avg":{"precision":0.9090112201963534,"recall":0.938439647766323,"f1-score":0.9231147944531057,"support":937},"weighted avg":{"precision":0.9806075161544783,"recall":0.9797225186766275,"f1-score":0.9800745567625947,"support":937}},"roc_auc":0.938439647766323,"loss":0.08185551167625696,"support":937,"weighted_average":{"precision":0.9806075161544783,"recall":0.9797225186766275,"f1-score":0.9800745567625947},"class_names":["fall","not_fall"]}}}