{"version":6,"validation":{"int8":{"confusion_matrix":[[74,8],[72,64]],"classification_report":{"0":{"precision":0.5068493150684932,"recall":0.9024390243902439,"f1-score":0.6491228070175438,"support":82},"1":{"precision":0.8888888888888888,"recall":0.47058823529411764,"f1-score":0.6153846153846153,"support":136},"accuracy":0.6330275229357798,"macro avg":{"precision":0.697869101978691,"recall":0.6865136298421808,"f1-score":0.6322537112010795,"support":218},"weighted avg":{"precision":0.7451859299289235,"recall":0.6330275229357798,"f1-score":0.6280751278336985,"support":218}},"roc_auc":0.6865136298421808,"loss":3.354389967661112,"support":218,"weighted_average":{"precision":0.7451859299289235,"recall":0.6330275229357798,"f1-score":0.6280751278336985},"class_names":["fall","not_fall"]},"float32":{"confusion_matrix":[[71,11],[12,124]],"classification_report":{"0":{"precision":0.8554216867469879,"recall":0.8658536585365854,"f1-score":0.8606060606060606,"support":82},"1":{"precision":0.9185185185185185,"recall":0.9117647058823529,"f1-score":0.915129151291513,"support":136},"accuracy":0.8944954128440367,"macro avg":{"precision":0.8869701026327532,"recall":0.8888091822094691,"f1-score":0.8878676059487868,"support":218},"weighted avg":{"precision":0.894784847852163,"recall":0.8944954128440367,"f1-score":0.8946204658043244,"support":218}},"roc_auc":0.8888091822094691,"loss":1.2097204584634014,"support":218,"weighted_average":{"precision":0.894784847852163,"recall":0.8944954128440367,"f1-score":0.8946204658043244},"class_names":["fall","not_fall"]}}}