{"version":6,"validation":{"int8":{"confusion_matrix":[[57,8],[367,502]],"classification_report":{"0":{"precision":0.13443396226415094,"recall":0.8769230769230769,"f1-score":0.23312883435582818,"support":65},"1":{"precision":0.984313725490196,"recall":0.5776754890678941,"f1-score":0.7280638143582306,"support":869},"accuracy":0.5985010706638115,"macro avg":{"precision":0.5593738438771735,"recall":0.7272992829954855,"f1-score":0.4805963243570294,"support":934},"weighted avg":{"precision":0.9251679175569061,"recall":0.5985010706638115,"f1-score":0.6936197311674853,"support":934}},"roc_auc":0.7272992829954855,"loss":2.297601849565358,"support":934,"weighted_average":{"precision":0.9251679175569061,"recall":0.5985010706638115,"f1-score":0.6936197311674853},"class_names":["fall","not_fall"]},"float32":{"confusion_matrix":[[55,10],[12,857]],"classification_report":{"0":{"precision":0.8208955223880597,"recall":0.8461538461538461,"f1-score":0.8333333333333334,"support":65},"1":{"precision":0.9884659746251442,"recall":0.9861910241657077,"f1-score":0.9873271889400922,"support":869},"accuracy":0.9764453961456103,"macro avg":{"precision":0.904680748506602,"recall":0.9161724351597769,"f1-score":0.9103302611367128,"support":934},"weighted avg":{"precision":0.9768042193838053,"recall":0.9764453961456103,"f1-score":0.9766102717940115,"support":934}},"roc_auc":0.9161724351597769,"loss":0.301989143095833,"support":934,"weighted_average":{"precision":0.9768042193838053,"recall":0.9764453961456103,"f1-score":0.9766102717940115},"class_names":["fall","not_fall"]}}}