{"version":6,"validation":{"int8":{"confusion_matrix":[[58,6],[411,461]],"classification_report":{"0":{"precision":0.12366737739872068,"recall":0.90625,"f1-score":0.2176360225140713,"support":64},"1":{"precision":0.987152034261242,"recall":0.5286697247706422,"f1-score":0.6885735623599701,"support":872},"accuracy":0.5544871794871795,"macro avg":{"precision":0.5554097058299813,"recall":0.7174598623853211,"f1-score":0.45310479243702073,"support":936},"weighted avg":{"precision":0.9281103483219243,"recall":0.5544871794871795,"f1-score":0.6563727049346095,"support":936}},"roc_auc":0.7174598623853211,"loss":1.9684096982632728,"support":936,"weighted_average":{"precision":0.9281103483219243,"recall":0.5544871794871795,"f1-score":0.6563727049346095},"class_names":["fall","not_fall"]},"float32":{"confusion_matrix":[[56,8],[17,855]],"classification_report":{"0":{"precision":0.7671232876712328,"recall":0.875,"f1-score":0.8175182481751825,"support":64},"1":{"precision":0.9907300115874855,"recall":0.9805045871559633,"f1-score":0.9855907780979827,"support":872},"accuracy":0.9732905982905983,"macro avg":{"precision":0.8789266496293592,"recall":0.9277522935779816,"f1-score":0.9015545131365825,"support":936},"weighted avg":{"precision":0.9754406629436392,"recall":0.9732905982905983,"f1-score":0.9740986392998425,"support":936}},"roc_auc":0.9277522935779816,"loss":0.2120569645495958,"support":936,"weighted_average":{"precision":0.9754406629436392,"recall":0.9732905982905983,"f1-score":0.9740986392998425},"class_names":["fall","not_fall"]}}}